{
  "ato": 9.999999747378752e-05,
  "refund": 0.5,
  "fake_credentials": 9.999999747378752e-05,
  "split_deposit": 0.5,
  "smurfing_freq_mult": 0.10000000149011612
}